{
  "project_info": {
    "project_number": "981284392130",
    "project_id": "homecare-c54e8",
    "storage_bucket": "homecare-c54e8.appspot.com"
  },
  "client": [
    {
      "client_info": {
        "mobilesdk_app_id": "1:981284392130:android:1b6315a4dc91c9c815bf5b",
        "android_client_info": {
          "package_name": "com.example.myapplication"
        }
      },
      "oauth_client": [
        {
          "client_id": "981284392130-n85k4e3k0cnmp1ejc5h2ahtqddj6ecm7.apps.googleusercontent.com",
          "client_type": 3
        }
      ],
      "api_key": [
        {
          "current_key": "AIzaSyDArCKi1nj3bxdQ5w7FBPjJJOvra6t4ZvE"
        }
      ],
      "services": {
        "appinvite_service": {
          "other_platform_oauth_client": [
            {
              "client_id": "981284392130-n85k4e3k0cnmp1ejc5h2ahtqddj6ecm7.apps.googleusercontent.com",
              "client_type": 3
            }
          ]
        }
      }
    }
  ],
  "configuration_version": "1"
}